<?xml version="1.0" encoding="UTF-8"?>
<!DOCTYPE preface SYSTEM "../../dtd/dblite.dtd">
<preface id="tsvn_preface">
	<title>Preface</title>
	<simplesect>
		<graphic srccredit="TortoiseSVN Logo" fileref="images/tortoisesvn_logo_hor468x64.png"/>
	</simplesect>
	<simplesect>
		<para>
			<itemizedlist>
				<listitem>
					<para>
						Do you work in a team?
					</para>
				</listitem>
				<listitem>
					<para>
						Has it ever happened that you were working on a file,
						and someone else was working on the same file at the same time?
						Did you lose your changes to that file because of that?
					</para>
				</listitem>
				<listitem>
					<para>
						Have you ever saved a file, and then wanted to
						revert the changes you made? Have you ever wished you
						could see what a file looked like some time ago?
					</para>
				</listitem>
				<listitem>
					<para>
						Have you ever found a bug in your project and
						wanted to know when that bug got into your files?
					</para>
				</listitem>
			</itemizedlist>
		</para>
		<para>
			If you answered <quote>yes</quote> to one of these questions, then
			TortoiseSVN is for you! Just read on to find out how TortoiseSVN
			can help you in your work. It's not that difficult.
		</para>
	</simplesect>
	<!-- =================================================================== -->
	<!-- ========================	SECTION	1 ============================== -->
	<!-- =================================================================== -->
	<sect1 id="tsvn-ch-0-sect-1">
		<title>Audience</title>
		<para>
			This book is written for computer literate folk who want to
			use Subversion to manage their data, but are uncomfortable using the
			command line client to do so. Since TortoiseSVN is a windows shell
			extension it's assumed that the user is familiar with the windows
			explorer and knows how to use it.
		</para>
	</sect1>
	<!-- =================================================================== -->
	<!-- ========================	SECTION	1a ============================= -->
	<!-- =================================================================== -->
	<sect1 id="tsvn-ch-0-sect-1a">
		<title>Reading Guide</title>
		<para>
			This <emphasis>Preface</emphasis> explains a little about the
			TortoiseSVN project, the community of people who work on it, and
			the licensing conditions for using it and distributing it.
		</para>
		<para>
			The <emphasis>Introduction</emphasis> explains what TortoiseSVN is,
			what it does, where it comes from and the basics for installing it
			on your PC.
		</para>
		<para>
			In <emphasis>Basic Concepts</emphasis> we give a short introduction
			to the <emphasis>Subversion</emphasis> revision control system which
			underlies TortoiseSVN. This is borrowed from the documentation for the
			Subversion project and explains the different approaches to version
			control, and how Subversion works.
		</para>
		<para>
			Even most Subversion users will never have to set up a server themselves.
			The next chapter deals with how to set up such a server, and is useful
			for administrators.
		</para>
		<para>
			The chapter on <emphasis>The Repository</emphasis> explains how to set up
			a local repository, which is useful for testing Subversion and TortoiseSVN
			using a single PC. It also explains a bit about repository administration
			which is also relevant to repositories located on a server.
		</para>
		<para>
			The <emphasis>Daily Use Guide</emphasis> is the most important section as
			it explains all the main features of TortoiseSVN and how to use them.
			It takes the form of a tutorial, starting with checking out a working copy,
			modifying it, committing your changes, etc. It then progresses to more
			advanced topics.
		</para>
		<para>
			<emphasis>SubWCRev</emphasis> is a separate program included with TortoiseSVN
			which can extract the information from your working copy and write it into a
			file. This is useful for including build information in your projects.
		</para>
		<para>
			The <emphasis>How Do I...</emphasis> section answers some common questions
			about performing tasks which are not explicitly covered elsewhere.
		</para>
		<para>
			The section on <emphasis>Automating TortoiseSVN</emphasis> shows how the
			TortoiseSVN GUI dialogs can be called from the command line. This is useful
			for scripting where you still need user interaction.
		</para>
		<para>
			The <emphasis>Command Line Cross Reference</emphasis> give a correlation
			between TortoiseSVN commands and their equivalents in the Subversion
			command line client <literal>svn.exe</literal>.
		</para>
	</sect1>
	<!-- =================================================================== -->
	<!-- ========================	SECTION	2 ============================== -->
	<!-- =================================================================== -->
	<sect1 id="tsvn-ch-0-sect-2">
		<title>TortoiseSVN is free!</title>
		<para>
			TortoiseSVN is free. You don't have to pay to use it, and you can use it
			any way you want. It is developed under the GNU General Public License (GPL).
		</para>
		<para>
			TortoiseSVN is an Open Source project. That means you have full
			access to the source code of this program. You can browse it
			on this link
			<ulink url="http://tortoisesvn.tigris.org/svn/tortoisesvn/">
				<citetitle>http://tortoisesvn.tigris.org/svn/tortoisesvn/</citetitle>
			</ulink>.
			(Username:guest, password:guest)
			The most recent version (where we're currently working) is
			located under
			<filename>/trunk/</filename>
			the released versions are located under
			<filename>/tags/</filename>.
		</para>
	</sect1>
	<!-- =================================================================== -->
	<!-- ========================	SECTION	3 ============================== -->
	<!-- =================================================================== -->
	<sect1 id="tsvn-ch-0-sect-3">
		<title>Community</title>
		<para>
			Both TortoiseSVN and Subversion are developed by a community of
			people who are working on those projects. They come from different
			countries all over the world and joined together to create wonderful
			programs.
		</para>
	</sect1>
	<!-- =================================================================== -->
	<!-- ========================	SECTION	4 ============================== -->
	<!-- =================================================================== -->
	<sect1 id="tsvn-ch-0-sect-4">
		<title>Acknowledgments</title>
		<variablelist>
			<varlistentry>
				<term>Tim Kemp</term>
				<listitem>
					<para>
						for founding the TortoiseSVN project
					</para>
				</listitem>
			</varlistentry>
			<varlistentry>
				<term>Stefan Küng</term>
				<listitem>
					<para>
						for the hard work to get TortoiseSVN to what it is now
					</para>
				</listitem>
			</varlistentry>
			<varlistentry>
				<term>Lübbe Onken</term>
				<listitem>
					<para>
						for the beautiful icons, logo, bughunting and taking care
						of the documentation
					</para>
				</listitem>
			</varlistentry>
			<varlistentry>
				<term>The Subversion Book</term>
				<listitem>
					<para>
						for the great introduction to Subversion and its
						chapter 2 which we copied here
					</para>
				</listitem>
			</varlistentry>
			<varlistentry>
				<term>The Tigris Style project</term>
				<listitem>
					<para>
						for some of the styles which are reused in this documentation
					</para>
				</listitem>
			</varlistentry>
			<varlistentry>
				<term>Our Contributors</term>
				<listitem>
					<para>
						for the patches, bug reports and new ideas, and for
						helping others by answering questions on our mailing list.
					</para>
				</listitem>
			</varlistentry>
			<varlistentry>
				<term>Our Donators</term>
				<listitem>
					<para>
						for many hours of joy with the music they sent us
					</para>
				</listitem>
			</varlistentry>
		</variablelist>
	</sect1>
	<!-- ================================================================= -->
	<!-- ======================== SECTION 5 ============================== -->
	<!-- ================================================================= -->
	<sect1 id="tsvn-ch-0-sect-5">
		<title>Terminology used in this document</title>
		<para>
			To make reading the docs easier, the names of all the screens and Menus 
			from TortoiseSVN are marked up in a different font.
			The <guilabel>Log Dialog</guilabel> for instance.
		</para>
		<para>
			A menu choice is indicated with an arrow.
			<menuchoice>
				<guimenu>TortoiseSVN</guimenu>
				<guimenuitem>Show Log</guimenuitem>
			</menuchoice>
			means: select <emphasis>Show Log</emphasis> from the
			<emphasis>TortoiseSVN</emphasis> context menu.
		</para>
		<para>
			Where a local context menu appears within one of the TortoiseSVN
			dialogs, it is shown like this:
			<menuchoice>
				<guimenu>Context Menu</guimenu>
				<guimenuitem>Save As ...</guimenuitem>
			</menuchoice>
		</para>
		<para>
			User Interface Buttons are indicated like this:
			Press <guibutton>OK</guibutton> to continue.
		</para>
		<para>
			User Actions are indicated using a bold font.
			<action>ALT+A</action>: press the
			<keycap>ALT</keycap>-Key on your keyboard and while holding it down
			press the <keycap>A</keycap>-Key as well.
			<action>Right-drag</action>: press the right mouse button and while
			holding it down <emphasis>drag</emphasis> the items to the new location.
		</para>
		<para>
			System output and keyboard input is indicated with a
			<literal>different</literal> font as well.
		</para>
		<important>
			<para>
				Important notes are marked with an icon.
			</para>
		</important>
		<tip>
			<para>
				Tips that make your life easier.
			</para>
		</tip>
		<caution>
			<para>
				Places where you have to be careful what you are doing.
			</para>
		</caution>
		<warning>
			<para>
				Where extreme care has to be taken, data corruption or other
				nasty things may occur if these warnings are ignored.
			</para>
		</warning>
		<graphic srccredit="hide" fileref="images/background.png"/>
	</sect1>
</preface>
