<?xml version="1.0" encoding="UTF-8"?>
<!DOCTYPE sect1 SYSTEM "../../../dtd/dblite.dtd">
<sect1 id="tsvn-DUG-revert">
	<?dbhh topicname="HIDD_REVERT"?>
	<title>Undo Changes</title>
	<indexterm>
		<primary>revert</primary>
	</indexterm>
	<indexterm>
		<primary>undo</primary>
	</indexterm>
	<para>
		If you want to undo all changes you made in a file since
		the last update you need to select the file,
		<action>right click</action> to pop up the context menu and then select
		the command
		<menuchoice>
			<guimenu>TortoiseSVN</guimenu>
			<guimenuitem>Revert</guimenuitem>
		</menuchoice>
		A dialog will pop up showing you the files that you've changed and
		can revert. Select those you want to revert and click on
		<guibutton>OK</guibutton>.
		<figure id="tsvn-DUG-revert-dia-1">
			<title>Revert dialog</title>
			<graphic fileref="../images/Revert.png"/>
		</figure>
	</para>
	<tip>
		<title>Undoing Changes which have been Committed</title>
		<para>
			<menuchoice>
				<guimenuitem>Revert</guimenuitem>
			</menuchoice>
			will only undo your local changes. It does <emphasis>not</emphasis>
			undo any changes which have already been committed. If you want to
			undo all the changes which were committed in a particular revision,
			read <xref linkend="tsvn-DUG-showlog"/> for further information.
		</para>
	</tip>
</sect1>
