<?xml version="1.0" encoding="UTF-8"?>
<!DOCTYPE appendix SYSTEM "../../dtd/dblite.dtd">
<appendix id="tme-commandline">
	<title>Command Line Parameters</title>
	<simplesect>
		<para>
			TortoiseMerge can be started with different command line 
			parameters to load files directly at program startup.
		</para>
	</simplesect>
	<sect1 id="tme-commandline-sect-1">
		<title>Command Line Parameters</title>
		<variablelist>
			<varlistentry>
				<term>/?</term>
				<listitem>
					<para>
						Shows an info dialog with all possible command line
						parameters.
					</para>
				</listitem>
			</varlistentry>
			<varlistentry>
				<term>/base:&quot;path/to/basefile&quot;</term>
				<listitem>
					<para>
						load the base file
					</para>
				</listitem>
			</varlistentry>
			<varlistentry>
				<term>/basename:name</term>
				<listitem>
					<para>
						Sets the view title for the base file.
					</para>
				</listitem>
			</varlistentry>
			<varlistentry>
				<term>/theirs:&quot;path/to/theirfile&quot;</term>
				<listitem>
					<para>
						load their file
					</para>
				</listitem>
			</varlistentry>
			<varlistentry>
				<term>/theirname:name</term>
				<listitem>
					<para>
						Sets the view title of their file.
					</para>
				</listitem>
			</varlistentry>
			<varlistentry>
				<term>/mine:&quot;path/to/yourfile&quot;</term>
				<listitem>
					<para>
						load your file
					</para>
				</listitem>
			</varlistentry>
			<varlistentry>
				<term>/minename:name</term>
				<listitem>
					<para>
						Sets the view title of your file.
					</para>
				</listitem>
			</varlistentry>
			<varlistentry>
				<term>/merged:&quot;path/to/mergedfile&quot;</term>
				<listitem>
					<para>
						Specifies the merged file where the result of the merge
						is saved to.
					</para>
				</listitem>
			</varlistentry>
			<varlistentry>
				<term>/mergedname:name</term>
				<listitem>
					<para>
						Sets the view title for the result file.
					</para>
				</listitem>
			</varlistentry>
			<varlistentry>
				<term>/diff:&quot;path/to/unified_diff_file&quot;</term>
				<listitem>
					<para>
						Specifies the unified diff file (patchfile).
					</para>
				</listitem>
			</varlistentry>
			<varlistentry>
				<term>/patchpath:&quot;path/to/patchfolder&quot;</term>
				<listitem>
					<para>
						Specifies the path to the folder where the patchfile is
						applied to.
					</para>
				</listitem>
			</varlistentry>
			<varlistentry>
				<term>/oneway</term>
				<listitem>
					<para>
						If set, TortoiseMerge starts with the one-pane-view.
					</para>
				</listitem>
			</varlistentry>
		</variablelist>
	</sect1>
</appendix>
