<?xml version="1.0" encoding="UTF-8"?>
<!DOCTYPE sect1 SYSTEM "../../../dtd/dblite.dtd">
<sect1 id="tsvn-repository-create">
	<title>Repository Creation</title>
	<para>
					You can create a repository with the FSFS backend or with the
					old but stable Berkeley Database (BDB) format. The FSFS format
					is faster and it now works on network shares and Windows 98
					without problems. The BDB format is more stable because it has
					been tested longer. Read
					<ulink url="http://svnbook.red-bean.com/en/1.1/ch05.html#svn-ch-5-sect-1.2.A">
			<citetitle>Chapter 5, Repository Data-Stores</citetitle>
		</ulink>
					in the SVN book for more information.
				</para>
	<sect2 id="tsvn-repository-create-commandline">
		<title>Creating a Repository with the Command Line Client</title>
		<indexterm>
			<primary>Create</primary>
			<secondary>Command Line Client</secondary>
		</indexterm>
		<orderedlist>
			<listitem>
				<para>
					Create an empty folder with the name SVN
					(e.g. <filename>D:\SVN\</filename>),
					which is used as root for all your repositories.
				</para>
			</listitem>
			<listitem>
				<para>
					Create another folder
					<filename>MyNewRepository</filename> inside
					<filename>D:\SVN\</filename>.
				</para>
			</listitem>
			<listitem>
				<para>
					Open the command prompt (or DOS-Box), change into 
					<filename>D:\SVN\</filename> and type
<screen>
svnadmin create --fs-type bdb MyNewRepository
</screen>
or
<screen>
svnadmin create --fs-type fsfs MyNewRepository
</screen>
				</para>
			</listitem>
		</orderedlist>
		<para>
			Now you've got a new repository located at
			<filename>D:\SVN\MyNewRepository</filename>.
		</para>
	</sect2>
	<!-- ================================================================= -->
	<sect2 id="tsvn-repository-create-tortoisesvn">
		<title>Creating The Repository With TortoiseSVN</title>
		<indexterm>
			<primary>Create</primary>
			<secondary>TortoiseSVN</secondary>
		</indexterm>
		<?dbhh topicname="HIDD_REPOCREATE"?>
		<figure id="tsvn-serversetup-local-dia-1">
			<title>The TortoiseSVN menu for unversioned folders</title>
			<graphic fileref="../images/ContextMenuDirNoControl.png"/>
		</figure>
		<orderedlist>
			<listitem>
				<para>
					Open the windows explorer
				</para>
			</listitem>
			<listitem>
				<para>
					Create a new folder and name it e.g.
					<filename>SVNRepository</filename>
				</para>
			</listitem>
			<listitem>
				<para>
					<action>Right-click</action> on the newly created folder
					and select
					<menuchoice>
						<guimenu>TortoiseSVN</guimenu>
						<guimenuitem>Create Repository here...</guimenuitem>
					</menuchoice>.
				</para>
				<para>
					A repository is then created inside the new folder.
					<emphasis>Don't edit those files yourself!!!</emphasis>.
					If you get any errors make sure that the folder is empty
					and not write protected.
				</para>
			</listitem>
		</orderedlist>
	</sect2>
	<!-- ================================================================= -->
	<sect2 id="tsvn-repository-local-access">
		<title>Local Access to the Repository</title>
		<indexterm>
			<primary>Access</primary>
		</indexterm>
		<indexterm>
			<primary>UNC paths</primary>
		</indexterm>
		<para>
			To access your local repository you need the path to that folder.
			Just remember that Subversion expects all repository paths in the form
			<systemitem class="url">file:///C:/SVNRepository/</systemitem>.
			Note the use of forward slashes throughout.
		</para>
		<para>
			To access a repository located on a network share you can either
			use drive mapping, or you can use the UNC path. For UNC paths,
			the form is
			<systemitem class="url">file://ServerName/path/to/repos/</systemitem>.
			Note that there are only 2 leading slashes here.
		</para>
		<para>
			Prior to SVN 1.2, UNC paths had to be given in the more obscure form
			<systemitem class="url">file:///\ServerName/path/to/repos</systemitem>.
			This form is still supported, but not recommended.
		</para>
	</sect2>
	<warning>
		<para>
				Do not create or access a Berkeley DB repository on a network share.
				It <emphasis>cannot</emphasis> exist on a remote filesystem.
				Not even if you have the network drive mapped to a drive letter.
				If you attempt to use Berkeley DB on a network share,
				the results are unpredictable - you may see mysterious errors
				right away, or it may be months before you discover that your
				repository database is subtly corrupted.
			</para>
	</warning>
	<tip>
		<para>
				If you really need to access a repository through a network share,
				create the repository with fsfs format. If you need to provide
				server access as well, you will need Subversion Server 1.1 or higher.
			</para>
	</tip>
</sect1>
